genre,revenue
Family,1.08004e+11
Adventure,2.08404e+11
Action,2.18753e+11
Mystery,4.12203e+10
Crime,7.66867e+10
Romance,8.25188e+10
TV Movie,5.83891e+07
Thriller,1.60718e+11
Animation,5.9594e+10
War,1.88963e+10
Music,1.90356e+10
Foreign,3.35446e+08
Horror,3.94234e+10
Science Fiction,1.06897e+11
Documentary,1.17427e+09
History,1.60148e+10
Drama,1.92387e+11
Western,7.60671e+09
Fantasy,1.0189e+11
Comedy,1.81673e+11
